{
  "project_info": {
    "project_number": "804697298642",
    "firebase_url": "https://dioapp-bce8b.firebaseio.com",
    "project_id": "dioapp-bce8b",
    "storage_bucket": "dioapp-bce8b.appspot.com"
  },
  "client": [
    {
      "client_info": {
        "mobilesdk_app_id": "1:804697298642:android:c3b348a282bac76a0d7f0b",
        "android_client_info": {
          "package_name": "com.mobile.dioapp"
        }
      },
      "oauth_client": [
        {
          "client_id": "804697298642-gfov8v6bo6a3ioh15eed2o6lgdlfpnv5.apps.googleusercontent.com",
          "client_type": 3
        }
      ],
      "api_key": [
        {
          "current_key": "AIzaSyDhXcYNoNSGl3tdoD7o3Gtd0K831yyyriU"
        }
      ],
      "services": {
        "appinvite_service": {
          "other_platform_oauth_client": [
            {
              "client_id": "804697298642-gfov8v6bo6a3ioh15eed2o6lgdlfpnv5.apps.googleusercontent.com",
              "client_type": 3
            }
          ]
        }
      }
    }
  ],
  "configuration_version": "1"
}